0,100,0,2023-04-21 21:02:32,2023-04-21 21:02:32,,posts,,,,
1,100,0,2023-04-21 21:02:32,2023-04-21 21:02:32,,posts,,,,
2,100,0,2023-04-21 21:02:32,2023-04-21 21:02:32,,posts,,,,
3,100,0,2023-04-21 21:02:32,2023-04-21 21:02:32,,posts,,,,
0,100,0,2023-04-21 22:16:42,2023-04-21 22:16:42,,posts,,,,
1,100,0,2023-04-21 22:16:42,2023-04-21 22:16:42,,posts,,,,
2,100,0,2023-04-21 22:16:42,2023-04-21 22:16:42,,posts,,,,
3,100,0,2023-04-21 22:16:42,2023-04-21 22:16:42,,posts,,,,
0,100,0,2023-04-21 22:17:48,2023-04-21 22:17:48,,posts,,,,
1,100,0,2023-04-21 22:17:48,2023-04-21 22:17:48,,posts,,,,
2,100,0,2023-04-21 22:17:48,2023-04-21 22:17:48,,posts,,,,
3,100,0,2023-04-21 22:17:48,2023-04-21 22:17:48,,posts,,,,
0,100,0,2023-04-21 22:20:33,2023-04-21 22:20:33,,posts,,,,
1,100,0,2023-04-21 22:20:33,2023-04-21 22:20:33,,posts,,,,
2,100,0,2023-04-21 22:20:33,2023-04-21 22:20:33,,posts,,,,
3,100,0,2023-04-21 22:20:33,2023-04-21 22:20:33,,posts,,,,
